epoch,time,train/box_loss,train/cls_loss,train/dfl_loss,metrics/precision(B),metrics/recall(B),metrics/mAP50(B),metrics/mAP50-95(B),val/box_loss,val/cls_loss,val/dfl_loss,lr/pg0,lr/pg1,lr/pg2
1,1.89651,3.50992,3.77827,1.84736,0.00438,0.04615,0.0002,5e-05,2.55138,3.63605,1.50271,4e-05,4e-05,4e-05
2,2.62972,3.49285,3.70612,1.80647,0.00792,0.08352,0.00076,0.00019,2.46812,3.59794,1.43248,9.9505e-05,9.9505e-05,9.9505e-05
3,3.45107,3.03586,3.56485,1.61537,0.03542,0.37363,0.01384,0.00412,1.89208,3.4182,1.14899,0.000158416,0.000158416,0.000158416
4,4.21994,2.39471,3.2257,1.31984,0.02375,0.25055,0.04593,0.01027,1.83386,3.2598,1.03871,0.000216733,0.000216733,0.000216733
5,5.01078,2.2695,2.71438,1.14692,0.01479,0.15604,0.01569,0.00318,1.85786,3.11703,1.06592,0.000274456,0.000274456,0.000274456
6,5.79298,2.0212,1.93141,1.04528,0.44407,0.6967,0.57369,0.19461,1.91639,2.69173,1.09273,0.000331585,0.000331585,0.000331585
7,6.54165,1.72691,1.40265,0.98929,0.6611,0.45445,0.53596,0.18418,1.79359,2.28614,1.03054,0.00038812,0.00038812,0.00038812
8,7.28215,1.63915,1.18536,0.97949,0.719,0.48926,0.63332,0.2553,1.78572,2.07009,1.078,0.000444061,0.000444061,0.000444061
9,8.04393,1.65217,1.15903,0.97883,0.85889,0.45481,0.72372,0.35054,1.65399,2.04223,1.01295,0.000499408,0.000499408,0.000499408
10,8.79623,1.4873,1.07079,0.96002,0.08117,0.85055,0.0922,0.03952,1.89996,4.14632,1.12727,0.000554161,0.000554161,0.000554161
11,9.54161,1.60565,1.06296,0.96749,0.0675,0.71209,0.07187,0.03453,1.69746,17.5345,1.09623,0.00060832,0.00060832,0.00060832
12,10.9134,1.61725,1.01191,0.96476,0.07437,0.78462,0.08297,0.03642,1.81144,13.8485,1.12329,0.000661885,0.000661885,0.000661885
13,11.6242,1.44206,0.95427,0.93536,0.17279,0.52967,0.16864,0.08931,1.45978,5.14537,0.99932,0.000714856,0.000714856,0.000714856
14,12.3413,1.49629,0.97778,0.9671,0.84332,0.78074,0.86313,0.46258,1.44686,1.47245,0.99468,0.000767233,0.000767233,0.000767233
15,13.0897,1.46768,0.8785,0.93754,0.94565,0.72658,0.91307,0.5003,1.39225,1.64958,0.96163,0.000819016,0.000819016,0.000819016
16,13.8422,1.50648,0.92741,0.93565,0.73379,0.41195,0.64124,0.34511,1.36984,2.04802,0.94531,0.000870205,0.000870205,0.000870205
17,14.5462,1.5039,0.86159,0.92618,0.85349,0.4225,0.71569,0.38535,1.33786,2.07353,0.93375,0.0009208,0.0009208,0.0009208
18,15.2492,1.34996,0.83836,0.91253,0.98698,0.66666,0.90121,0.49371,1.33054,1.73585,0.92267,0.000970801,0.000970801,0.000970801
19,15.9268,1.31941,0.80312,0.93139,0.95362,0.76822,0.91414,0.51403,1.30476,1.6435,0.91658,0.00102021,0.00102021,0.00102021
20,16.651,1.36495,0.81167,0.92016,0.91706,0.82625,0.91953,0.50113,1.36103,1.61434,0.92226,0.00106902,0.00106902,0.00106902
21,17.3419,1.32704,0.77789,0.9231,0.93142,0.83582,0.92794,0.50771,1.37277,1.63036,0.92932,0.00111724,0.00111724,0.00111724
22,18.0678,1.37547,0.84109,0.93319,0.97015,0.78585,0.94481,0.5561,1.22272,1.73269,0.88367,0.00116486,0.00116486,0.00116486
23,18.7775,1.40174,0.81972,0.94235,0.97155,0.75042,0.94996,0.52312,1.26277,1.84445,0.88862,0.0012119,0.0012119,0.0012119
24,19.5012,1.3754,0.78629,0.9207,0.97004,0.71151,0.93018,0.4978,1.27554,1.94177,0.89102,0.00125833,0.00125833,0.00125833
25,20.1975,1.35098,0.79172,0.9386,0.98262,0.7456,0.94326,0.54668,1.22191,1.84205,0.88203,0.00130418,0.00130418,0.00130418
26,20.926,1.49343,0.81451,0.92654,0.95333,0.80809,0.93934,0.53114,1.34032,1.68146,0.91643,0.00134943,0.00134943,0.00134943
27,21.6157,1.32637,0.77045,0.93112,0.94418,0.85508,0.94372,0.54312,1.3439,1.58167,0.91775,0.00139408,0.00139408,0.00139408
28,22.3312,1.45032,0.80175,0.93159,0.93148,0.86651,0.94148,0.57841,1.22744,1.44459,0.89053,0.00143814,0.00143814,0.00143814
29,23.0592,1.42823,0.81129,0.92376,0.91732,0.8778,0.93577,0.56917,1.27852,1.45758,0.90646,0.00148161,0.00148161,0.00148161
30,23.8195,1.41769,0.77692,0.90688,0.93034,0.88058,0.93821,0.57877,1.25629,1.32661,0.89127,0.00152448,0.00152448,0.00152448
31,24.5356,1.35807,0.77041,0.91156,0.95249,0.88128,0.95452,0.60307,1.21207,1.25393,0.88171,0.00156676,0.00156676,0.00156676
32,25.2837,1.36382,0.7879,0.93735,0.91936,0.86154,0.93857,0.57532,1.20448,1.25154,0.88236,0.00160845,0.00160845,0.00160845
33,26.3022,1.29093,0.71635,0.91124,0.90563,0.88584,0.94078,0.55595,1.1894,1.19706,0.87467,0.00164954,0.00164954,0.00164954
34,27.0288,1.28095,0.68757,0.89451,0.92966,0.91429,0.95354,0.56197,1.22601,1.07504,0.89756,0.0016733,0.0016733,0.0016733
35,27.7296,1.23326,0.71244,0.92294,0.93414,0.93525,0.96297,0.5956,1.18526,1.00087,0.8894,0.0016634,0.0016634,0.0016634
36,28.4371,1.25396,0.65653,0.90648,0.94941,0.93187,0.96904,0.62772,1.14007,1.04813,0.87105,0.0016535,0.0016535,0.0016535
37,29.1603,1.25509,0.69645,0.89697,0.93043,0.94065,0.96495,0.60191,1.20312,1.06762,0.88673,0.0016436,0.0016436,0.0016436
38,29.8846,1.20027,0.69779,0.89675,0.95192,0.8967,0.96503,0.61034,1.15179,1.06588,0.87701,0.0016337,0.0016337,0.0016337
39,30.5872,1.19911,0.69733,0.87076,0.95526,0.8915,0.9622,0.6072,1.15205,1.07478,0.87525,0.0016238,0.0016238,0.0016238
40,31.3415,1.39819,0.78943,0.90053,0.95122,0.91868,0.96431,0.59622,1.20881,1.05831,0.88489,0.0016139,0.0016139,0.0016139
41,32.0392,1.34646,0.72073,0.91006,0.95225,0.93187,0.9714,0.61008,1.19714,1.00989,0.88292,0.001604,0.001604,0.001604
42,32.7417,1.26673,0.6914,0.90653,0.95932,0.93299,0.97026,0.64164,1.11017,0.76756,0.87938,0.0015941,0.0015941,0.0015941
43,33.456,1.26931,0.6799,0.88808,0.95429,0.91763,0.96343,0.60949,1.21863,0.75871,0.91716,0.0015842,0.0015842,0.0015842
44,34.181,1.24717,0.66696,0.90673,0.93688,0.91648,0.95431,0.60978,1.14615,0.71044,0.89556,0.0015743,0.0015743,0.0015743
45,34.8785,1.27446,0.68404,0.9148,0.92132,0.87503,0.9414,0.61861,1.09447,0.77844,0.88478,0.0015644,0.0015644,0.0015644
46,35.5909,1.26935,0.72062,0.91692,0.96422,0.82918,0.93633,0.61691,1.15663,0.87787,0.90705,0.0015545,0.0015545,0.0015545
47,36.2759,1.26951,0.67832,0.91103,0.90809,0.8034,0.89318,0.57244,1.19227,0.97772,0.91209,0.0015446,0.0015446,0.0015446
48,36.9815,1.27085,0.676,0.90426,0.95577,0.80729,0.92422,0.61662,1.13073,0.93495,0.89624,0.0015347,0.0015347,0.0015347
49,37.6839,1.24605,0.65545,0.885,0.96606,0.87577,0.95818,0.63238,1.12454,0.79256,0.89206,0.0015248,0.0015248,0.0015248
50,38.3762,1.20129,0.63287,0.88327,0.96194,0.91209,0.96709,0.62234,1.17616,0.6341,0.89818,0.0015149,0.0015149,0.0015149
51,39.3568,1.24496,0.6717,0.93053,0.95409,0.92088,0.9597,0.61729,1.15899,0.60539,0.89182,0.001505,0.001505,0.001505
52,40.0717,1.18489,0.62571,0.87547,0.95795,0.9512,0.97865,0.65066,1.10171,0.6072,0.88199,0.0014951,0.0014951,0.0014951
53,40.7942,1.2533,0.64969,0.8965,0.95351,0.94654,0.97186,0.63347,1.13508,0.63103,0.8828,0.0014852,0.0014852,0.0014852
54,41.4922,1.15147,0.60435,0.87977,0.94905,0.94156,0.97079,0.63,1.13003,0.6009,0.89579,0.0014753,0.0014753,0.0014753
55,42.1889,1.22414,0.67853,0.89527,0.96814,0.93513,0.97308,0.62788,1.17342,0.59573,0.91104,0.0014654,0.0014654,0.0014654
56,42.9175,1.18632,0.62777,0.92338,0.96809,0.93187,0.96681,0.64708,1.08403,0.57698,0.88182,0.0014555,0.0014555,0.0014555
57,43.6173,1.27668,0.64961,0.87472,0.96193,0.94286,0.96923,0.63235,1.13095,0.5972,0.88923,0.0014456,0.0014456,0.0014456
58,44.327,1.21884,0.62868,0.91659,0.94882,0.93713,0.96022,0.63734,1.09253,0.62646,0.88224,0.0014357,0.0014357,0.0014357
59,45.012,1.22271,0.63237,0.88448,0.95578,0.91868,0.95462,0.62536,1.14007,0.59658,0.89014,0.0014258,0.0014258,0.0014258
60,45.723,1.29866,0.63058,0.90668,0.96952,0.90989,0.96057,0.62346,1.1807,0.61183,0.90742,0.0014159,0.0014159,0.0014159
61,46.419,1.156,0.6241,0.87561,0.94456,0.89862,0.9554,0.5777,1.30018,0.66629,0.93579,0.001406,0.001406,0.001406
62,47.1323,1.2419,0.64024,0.8951,0.93444,0.92088,0.95083,0.62496,1.13859,0.64097,0.88996,0.0013961,0.0013961,0.0013961
63,47.8377,1.17893,0.63937,0.88473,0.93574,0.92805,0.96249,0.63114,1.14161,0.62038,0.89347,0.0013862,0.0013862,0.0013862
64,48.5491,1.30849,0.7049,0.87401,0.93127,0.92322,0.95325,0.60743,1.17663,0.62664,0.90842,0.0013763,0.0013763,0.0013763
65,49.2463,1.17491,0.60775,0.87383,0.90743,0.92642,0.94318,0.61077,1.11324,0.65771,0.89281,0.0013664,0.0013664,0.0013664
66,49.9826,1.12422,0.60023,0.88473,0.93092,0.92747,0.95226,0.62258,1.16901,0.59074,0.89974,0.0013565,0.0013565,0.0013565
67,50.6718,1.1302,0.6157,0.87174,0.93993,0.92858,0.95605,0.63758,1.12416,0.56617,0.89033,0.0013466,0.0013466,0.0013466
68,51.377,1.10345,0.57389,0.88256,0.93393,0.92747,0.9522,0.61854,1.10236,0.59487,0.87801,0.0013367,0.0013367,0.0013367
69,52.3872,1.15541,0.6044,0.86443,0.95942,0.93543,0.94982,0.59932,1.13935,0.58688,0.88486,0.0013268,0.0013268,0.0013268
70,53.0938,1.10989,0.58379,0.86601,0.9537,0.92747,0.9485,0.63667,1.11154,0.56831,0.88455,0.0013169,0.0013169,0.0013169
71,53.7964,1.22835,0.62715,0.87138,0.94558,0.91656,0.94431,0.59548,1.19102,0.57521,0.89485,0.001307,0.001307,0.001307
72,54.5324,1.1286,0.62359,0.87121,0.95285,0.93276,0.95363,0.61109,1.18604,0.58067,0.89599,0.0012971,0.0012971,0.0012971
73,55.1935,1.18064,0.59352,0.87234,0.95277,0.93111,0.95595,0.63236,1.14113,0.57313,0.88628,0.0012872,0.0012872,0.0012872
74,55.9005,1.13229,0.57226,0.87657,0.97168,0.90769,0.94766,0.59269,1.23373,0.58056,0.90452,0.0012773,0.0012773,0.0012773
75,56.5841,1.19469,0.58,0.89408,0.96502,0.9095,0.95797,0.60969,1.20605,0.57444,0.90514,0.0012674,0.0012674,0.0012674
76,57.2948,1.14156,0.66578,0.90928,0.95913,0.92308,0.95838,0.65177,1.08315,0.54491,0.88313,0.0012575,0.0012575,0.0012575
77,57.9899,1.16227,0.57685,0.88611,0.95042,0.92684,0.95595,0.64435,1.11484,0.57319,0.88456,0.0012476,0.0012476,0.0012476
78,58.7019,1.14472,0.6266,0.86999,0.95052,0.9288,0.95983,0.63958,1.12091,0.56479,0.88295,0.0012377,0.0012377,0.0012377
79,59.4018,1.20421,0.61529,0.88475,0.95525,0.93821,0.96681,0.6512,1.11334,0.56347,0.89139,0.0012278,0.0012278,0.0012278
80,60.1093,1.16039,0.64508,0.88058,0.96152,0.93364,0.96239,0.65884,1.08835,0.55326,0.88207,0.0012179,0.0012179,0.0012179
81,60.816,1.11947,0.57583,0.86659,0.95897,0.93846,0.96388,0.65995,1.08349,0.55701,0.87836,0.001208,0.001208,0.001208
82,61.5474,1.08319,0.59544,0.86701,0.96164,0.93846,0.96791,0.65437,1.07851,0.55133,0.88025,0.0011981,0.0011981,0.0011981
83,62.2307,1.08092,0.55051,0.89552,0.95352,0.94286,0.96647,0.66585,1.05968,0.53659,0.87477,0.0011882,0.0011882,0.0011882
84,62.9641,1.12446,0.59435,0.86417,0.95492,0.94945,0.97263,0.65459,1.07817,0.55464,0.87784,0.0011783,0.0011783,0.0011783
85,63.6524,1.1062,0.55969,0.87373,0.95688,0.95604,0.97869,0.66748,1.05679,0.55968,0.8723,0.0011684,0.0011684,0.0011684
86,64.3757,1.13552,0.5782,0.87885,0.95615,0.95853,0.97948,0.66717,1.06119,0.55296,0.87372,0.0011585,0.0011585,0.0011585
87,65.0556,1.0953,0.56925,0.87477,0.95865,0.96816,0.98052,0.65219,1.08956,0.53572,0.88012,0.0011486,0.0011486,0.0011486
88,65.7563,1.17549,0.58128,0.89276,0.96188,0.94274,0.97606,0.66277,1.04443,0.51862,0.87294,0.0011387,0.0011387,0.0011387
89,66.7589,1.1295,0.56136,0.86241,0.96114,0.94066,0.97317,0.6507,1.08123,0.52797,0.88268,0.0011288,0.0011288,0.0011288
90,67.4752,1.08119,0.54343,0.86579,0.95501,0.95165,0.9752,0.65706,1.07796,0.514,0.88053,0.0011189,0.0011189,0.0011189
91,68.1505,1.13488,0.62168,0.86451,0.95813,0.94505,0.97435,0.66283,1.06535,0.51346,0.87471,0.001109,0.001109,0.001109
92,68.8808,1.14402,0.55021,0.86943,0.97028,0.93287,0.96603,0.65005,1.07982,0.57181,0.87869,0.0010991,0.0010991,0.0010991
93,69.548,1.18268,0.58036,0.87698,0.96659,0.93407,0.96608,0.66133,1.0646,0.56902,0.87604,0.0010892,0.0010892,0.0010892
94,70.2696,1.10028,0.57942,0.87193,0.96109,0.95165,0.96912,0.66788,1.04879,0.51431,0.87114,0.0010793,0.0010793,0.0010793
95,71.0008,1.14249,0.547,0.87291,0.95987,0.94632,0.96969,0.6725,1.03801,0.50109,0.87006,0.0010694,0.0010694,0.0010694
96,71.7423,1.0618,0.54282,0.87324,0.96037,0.94945,0.97761,0.66653,1.08721,0.51424,0.88482,0.0010595,0.0010595,0.0010595
97,72.4521,1.12798,0.54313,0.87801,0.95197,0.95824,0.97778,0.66824,1.066,0.51322,0.87964,0.0010496,0.0010496,0.0010496
98,73.1907,1.15461,0.66333,0.89249,0.96839,0.94278,0.96847,0.652,1.05149,0.51153,0.87283,0.0010397,0.0010397,0.0010397
99,73.9408,1.15301,0.56231,0.86722,0.95832,0.96012,0.96964,0.66105,1.02567,0.49382,0.86846,0.0010298,0.0010298,0.0010298
100,74.6636,1.14398,0.59684,0.86521,0.96027,0.95608,0.97605,0.65277,1.05681,0.49578,0.87801,0.0010199,0.0010199,0.0010199
101,75.3636,0.99151,0.52517,0.87182,0.96415,0.94577,0.95985,0.65701,1.05661,0.49485,0.87518,0.00101,0.00101,0.00101
102,76.0903,1.13402,0.59208,0.85714,0.95309,0.93779,0.9581,0.65633,1.07005,0.49868,0.87664,0.0010001,0.0010001,0.0010001
103,76.7786,1.08313,0.60028,0.86456,0.95605,0.95607,0.96909,0.67262,1.03031,0.48882,0.8693,0.0009902,0.0009902,0.0009902
104,77.5244,1.10319,0.55848,0.87467,0.96536,0.94725,0.96909,0.66915,1.02854,0.48439,0.86831,0.0009803,0.0009803,0.0009803
105,78.2238,1.05747,0.52011,0.86446,0.96725,0.94505,0.96814,0.65423,1.05009,0.49135,0.87076,0.0009704,0.0009704,0.0009704
106,78.9249,1.10569,0.5414,0.86093,0.9671,0.95165,0.97908,0.66012,1.03653,0.49155,0.8694,0.0009605,0.0009605,0.0009605
107,79.6667,1.04265,0.52386,0.86405,0.96571,0.95604,0.97867,0.66162,1.0262,0.48692,0.86674,0.0009506,0.0009506,0.0009506
108,80.4611,0.99182,0.49756,0.86871,0.95165,0.94945,0.97472,0.66833,1.02252,0.50076,0.86696,0.0009407,0.0009407,0.0009407
109,81.5304,1.04779,0.51478,0.85972,0.95745,0.94725,0.96736,0.67524,1.0066,0.49281,0.86622,0.0009308,0.0009308,0.0009308
110,82.3227,1.08177,0.54307,0.86771,0.96061,0.94286,0.96663,0.66884,1.04824,0.4978,0.87504,0.0009209,0.0009209,0.0009209
111,83.0829,0.99197,0.52304,0.84075,0.9646,0.94945,0.96837,0.666,1.0635,0.50013,0.87692,0.000911,0.000911,0.000911
112,83.8828,1.08348,0.56139,0.86531,0.9598,0.94452,0.96887,0.67193,1.03907,0.48074,0.87271,0.0009011,0.0009011,0.0009011
113,84.6423,1.13823,0.58812,0.84906,0.95727,0.94945,0.96839,0.66929,1.03958,0.47752,0.87123,0.0008912,0.0008912,0.0008912
114,85.4415,1.0575,0.51417,0.86376,0.96595,0.9352,0.9665,0.67603,1.00097,0.48086,0.8625,0.0008813,0.0008813,0.0008813
115,86.2096,1.08899,0.5343,0.86678,0.96401,0.94204,0.96521,0.67922,1.00756,0.48017,0.86369,0.0008714,0.0008714,0.0008714
116,87.0547,1.07904,0.5196,0.90248,0.97328,0.94286,0.96889,0.67203,1.06602,0.49372,0.87773,0.0008615,0.0008615,0.0008615
117,87.7758,1.11484,0.54547,0.86417,0.97093,0.95411,0.97649,0.67552,1.03688,0.49254,0.86874,0.0008516,0.0008516,0.0008516
118,88.4666,1.07848,0.55221,0.8636,0.96182,0.94505,0.97263,0.66227,1.02728,0.50458,0.86292,0.0008417,0.0008417,0.0008417
119,89.1449,1.09402,0.5584,0.8729,0.9623,0.94725,0.97271,0.6562,1.03593,0.50895,0.86479,0.0008318,0.0008318,0.0008318
120,89.8448,1.05505,0.51788,0.85725,0.97281,0.94365,0.97435,0.66651,1.06812,0.49482,0.87313,0.0008219,0.0008219,0.0008219
121,90.5179,0.99992,0.49424,0.85266,0.96028,0.95648,0.97769,0.67415,1.03894,0.48131,0.86886,0.000812,0.000812,0.000812
122,91.2127,0.99641,0.50071,0.84904,0.97511,0.95385,0.98004,0.68319,1.01998,0.47002,0.86406,0.0008021,0.0008021,0.0008021
123,91.9224,1.00171,0.57232,0.89683,0.97085,0.95153,0.97863,0.68631,1.01758,0.47351,0.86273,0.0007922,0.0007922,0.0007922
124,92.6323,1.01877,0.49529,0.85639,0.96469,0.96059,0.97013,0.66627,1.06985,0.49183,0.87073,0.0007823,0.0007823,0.0007823
125,93.3246,1.06337,0.52525,0.85212,0.96139,0.95385,0.97605,0.67808,1.03623,0.49062,0.864,0.0007724,0.0007724,0.0007724
126,94.0222,0.97677,0.50386,0.84713,0.97558,0.94725,0.96959,0.66637,1.04699,0.48872,0.86446,0.0007625,0.0007625,0.0007625
127,94.6971,1.03423,0.5032,0.85352,0.97949,0.94482,0.96954,0.66282,1.06623,0.48232,0.86759,0.0007526,0.0007526,0.0007526
128,95.7239,0.98699,0.4816,0.85114,0.97296,0.94908,0.97052,0.66948,1.06,0.47579,0.87482,0.0007427,0.0007427,0.0007427
129,96.4241,0.9613,0.47773,0.85352,0.9793,0.93593,0.96876,0.66819,1.05108,0.47468,0.87364,0.0007328,0.0007328,0.0007328
130,97.1372,1.02969,0.51326,0.85988,0.97489,0.93845,0.96091,0.66402,1.03955,0.47435,0.86841,0.0007229,0.0007229,0.0007229
131,97.8488,0.99807,0.50905,0.84851,0.97855,0.93846,0.96055,0.66782,1.02827,0.47098,0.86705,0.000713,0.000713,0.000713
132,98.5607,0.99295,0.50957,0.85599,0.96643,0.94914,0.97708,0.66871,1.06359,0.47583,0.87695,0.0007031,0.0007031,0.0007031
133,99.247,1.00274,0.51327,0.85625,0.96029,0.95659,0.97548,0.6732,1.05336,0.47344,0.8725,0.0006932,0.0006932,0.0006932
134,99.9594,0.98036,0.49388,0.85922,0.9719,0.94286,0.97685,0.67983,1.02187,0.46845,0.86804,0.0006833,0.0006833,0.0006833
135,100.639,1.00747,0.51903,0.84587,0.97063,0.94066,0.976,0.68029,1.02419,0.47597,0.8693,0.0006734,0.0006734,0.0006734
136,101.341,0.99031,0.49901,0.86102,0.95838,0.94725,0.97213,0.67416,1.03483,0.48351,0.87063,0.0006635,0.0006635,0.0006635
137,102.036,1.06263,0.52102,0.85304,0.96195,0.94451,0.96681,0.67145,1.03695,0.48275,0.87128,0.0006536,0.0006536,0.0006536
138,102.742,1.00145,0.48717,0.86822,0.96173,0.94505,0.97423,0.65957,1.06087,0.49364,0.87482,0.0006437,0.0006437,0.0006437
139,103.439,1.07758,0.50716,0.8741,0.9639,0.93893,0.97383,0.66988,1.0304,0.48802,0.8682,0.0006338,0.0006338,0.0006338
140,104.143,0.94754,0.50178,0.8499,0.97028,0.93264,0.97431,0.67326,1.02501,0.48198,0.86435,0.0006239,0.0006239,0.0006239
141,104.865,0.91991,0.46339,0.83645,0.95884,0.94725,0.9749,0.66991,1.03412,0.47861,0.8684,0.000614,0.000614,0.000614
142,105.565,1.1008,0.53937,0.85275,0.96116,0.95385,0.97551,0.65565,1.08862,0.47586,0.88007,0.0006041,0.0006041,0.0006041
143,106.255,1.07466,0.51272,0.86177,0.95371,0.96484,0.97606,0.66781,1.05863,0.46942,0.87389,0.0005942,0.0005942,0.0005942
144,106.988,0.97222,0.50876,0.86135,0.95407,0.95824,0.9766,0.67201,1.02295,0.46596,0.86525,0.0005843,0.0005843,0.0005843
145,107.676,0.95894,0.47806,0.85155,0.9644,0.95257,0.978,0.67498,1.01604,0.46326,0.86381,0.0005744,0.0005744,0.0005744
146,108.714,1.02429,0.53362,0.84796,0.97615,0.94066,0.97372,0.66816,1.05297,0.47692,0.87388,0.0005645,0.0005645,0.0005645
147,109.376,0.99456,0.48586,0.86144,0.97284,0.94461,0.97351,0.66908,1.04811,0.48277,0.87148,0.0005546,0.0005546,0.0005546
148,110.098,1.3002,0.63526,0.84512,0.96213,0.94923,0.96754,0.6725,1.0515,0.50183,0.87102,0.0005447,0.0005447,0.0005447
149,110.775,1.07534,0.52774,0.8854,0.9701,0.94725,0.96819,0.67369,1.03718,0.50047,0.86818,0.0005348,0.0005348,0.0005348
150,111.482,1.03027,0.51989,0.87007,0.9732,0.94066,0.96912,0.67463,1.01838,0.48151,0.86613,0.0005249,0.0005249,0.0005249
151,112.178,0.94847,0.48497,0.85279,0.976,0.94286,0.96936,0.67671,1.02303,0.47056,0.87013,0.000515,0.000515,0.000515
152,112.898,1.0611,0.52655,0.84753,0.96064,0.95824,0.9693,0.67237,1.03484,0.47141,0.87067,0.0005051,0.0005051,0.0005051
153,113.594,1.06056,0.52668,0.84312,0.97727,0.94482,0.9705,0.67766,1.02683,0.46786,0.86885,0.0004952,0.0004952,0.0004952
154,114.317,0.95299,0.47014,0.83825,0.97289,0.94634,0.97811,0.68419,1.0075,0.46415,0.86702,0.0004853,0.0004853,0.0004853
155,115,1.01842,0.50966,0.84189,0.98383,0.93602,0.97761,0.67887,1.01844,0.46202,0.87048,0.0004754,0.0004754,0.0004754
156,115.702,0.96663,0.48636,0.83367,0.98381,0.935,0.97785,0.67296,1.04029,0.46352,0.87627,0.0004655,0.0004655,0.0004655
157,116.386,1.00712,0.48496,0.85018,0.96652,0.95163,0.96947,0.67547,1.03495,0.46209,0.87325,0.0004556,0.0004556,0.0004556
158,117.092,1.00142,0.49102,0.84484,0.97253,0.94725,0.97517,0.68137,1.0107,0.45587,0.86508,0.0004457,0.0004457,0.0004457
159,117.769,0.98308,0.51594,0.84442,0.97339,0.94725,0.97634,0.68227,1.01408,0.45885,0.86493,0.0004358,0.0004358,0.0004358
160,118.469,0.88123,0.49475,0.87845,0.9837,0.94066,0.96986,0.67259,1.04358,0.46456,0.86951,0.0004259,0.0004259,0.0004259
161,119.14,0.924,0.48091,0.83596,0.98163,0.93945,0.96911,0.67391,1.04363,0.46205,0.8703,0.000416,0.000416,0.000416
162,119.848,1.02091,0.56383,0.84474,0.97521,0.95112,0.97782,0.67932,1.03644,0.4632,0.87488,0.0004061,0.0004061,0.0004061
163,120.535,1.03569,0.51035,0.86161,0.97302,0.95111,0.97833,0.6812,1.02023,0.46587,0.87125,0.0003962,0.0003962,0.0003962
164,121.568,0.98019,0.48407,0.84448,0.96891,0.95888,0.97902,0.68798,0.99498,0.4721,0.86419,0.0003863,0.0003863,0.0003863
165,122.284,1.02137,0.51133,0.84701,0.9711,0.96013,0.97881,0.68621,0.99874,0.47272,0.8652,0.0003764,0.0003764,0.0003764
166,122.984,0.982,0.47849,0.8367,0.96773,0.95604,0.97587,0.67712,1.01807,0.47481,0.87209,0.0003665,0.0003665,0.0003665
167,123.664,0.96645,0.47642,0.83708,0.97541,0.95165,0.97053,0.6698,1.03286,0.47186,0.87719,0.0003566,0.0003566,0.0003566
168,124.359,1.02638,0.5118,0.84671,0.97817,0.96484,0.97212,0.67996,1.02548,0.45235,0.87327,0.0003467,0.0003467,0.0003467
169,125.033,0.95457,0.50913,0.85189,0.98123,0.96484,0.98167,0.69343,1.00809,0.44131,0.86615,0.0003368,0.0003368,0.0003368
170,125.793,0.98302,0.47945,0.83966,0.97768,0.96279,0.98146,0.6876,1.0201,0.44994,0.86647,0.0003269,0.0003269,0.0003269
171,126.461,0.94522,0.4697,0.85256,0.97618,0.96044,0.98153,0.6891,1.02122,0.45427,0.86614,0.000317,0.000317,0.000317
172,127.165,1.0018,0.55653,0.85472,0.97214,0.95604,0.98092,0.6896,1.01668,0.45279,0.86328,0.0003071,0.0003071,0.0003071
173,127.889,1.04996,0.51928,0.85421,0.97662,0.94945,0.97181,0.68606,1.02031,0.45367,0.86251,0.0002972,0.0002972,0.0002972
174,128.602,0.94049,0.47958,0.84681,0.97716,0.94945,0.97191,0.67912,1.03927,0.45089,0.86538,0.0002873,0.0002873,0.0002873
175,129.285,1.00132,0.47972,0.86689,0.97716,0.95165,0.97205,0.68016,1.03626,0.44976,0.86564,0.0002774,0.0002774,0.0002774
176,129.993,0.99812,0.47424,0.85761,0.96601,0.96044,0.97132,0.67989,1.03646,0.45,0.86819,0.0002675,0.0002675,0.0002675
177,130.688,0.93495,0.45257,0.8524,0.96495,0.96264,0.97928,0.67907,1.03152,0.45051,0.86953,0.0002576,0.0002576,0.0002576
178,131.403,0.8915,0.44701,0.83609,0.97962,0.95085,0.97945,0.67799,1.03184,0.4471,0.8729,0.0002477,0.0002477,0.0002477
179,132.106,0.91021,0.4618,0.84973,0.98182,0.94964,0.97948,0.68367,1.01879,0.44265,0.86943,0.0002378,0.0002378,0.0002378
180,132.796,0.90332,0.45498,0.84785,0.98078,0.95165,0.97959,0.68634,1.0118,0.44717,0.86639,0.0002279,0.0002279,0.0002279
181,133.489,1.01111,0.4759,0.84948,0.98101,0.95165,0.97953,0.68528,1.02054,0.44497,0.86923,0.000218,0.000218,0.000218
182,134.195,0.95859,0.48173,0.84403,0.96697,0.96516,0.97967,0.6711,1.05954,0.44885,0.8787,0.0002081,0.0002081,0.0002081
183,135.191,0.92302,0.46999,0.86597,0.97066,0.96703,0.97975,0.6713,1.06294,0.44818,0.87988,0.0001982,0.0001982,0.0001982
184,135.902,0.92037,0.46912,0.86638,0.97008,0.96923,0.98039,0.68101,1.0223,0.43836,0.86992,0.0001883,0.0001883,0.0001883
185,136.569,0.92418,0.51884,0.8574,0.9648,0.96382,0.97081,0.68203,1.009,0.43537,0.86572,0.0001784,0.0001784,0.0001784
186,137.264,0.92679,0.46261,0.84184,0.96487,0.96584,0.97093,0.68302,1.01599,0.44205,0.86454,0.0001685,0.0001685,0.0001685
187,137.958,0.96367,0.46419,0.85754,0.96489,0.96637,0.97097,0.68319,1.01787,0.4413,0.86532,0.0001586,0.0001586,0.0001586
188,138.724,0.9033,0.44765,0.85271,0.97148,0.97329,0.98129,0.68155,1.02207,0.4395,0.86732,0.0001487,0.0001487,0.0001487
189,139.48,0.954,0.46527,0.84439,0.97144,0.97167,0.98122,0.68275,1.023,0.43889,0.8678,0.0001388,0.0001388,0.0001388
190,140.261,0.92632,0.4522,0.85421,0.97287,0.96923,0.98114,0.68777,1.02117,0.43797,0.86713,0.0001289,0.0001289,0.0001289
191,143.434,0.86608,0.4488,0.85704,0.97337,0.96416,0.98114,0.68688,1.01682,0.44003,0.86575,0.000119,0.000119,0.000119
192,144.337,0.89987,0.4419,0.83699,0.97566,0.96909,0.98082,0.68647,1.02621,0.44177,0.8659,0.0001091,0.0001091,0.0001091
193,145.068,0.89223,0.44836,0.84861,0.97257,0.96923,0.98093,0.68492,1.02763,0.44151,0.86691,9.92e-05,9.92e-05,9.92e-05
194,145.894,0.86659,0.42574,0.85457,0.97149,0.96923,0.98115,0.68778,1.02534,0.43887,0.86569,8.93e-05,8.93e-05,8.93e-05
195,146.668,0.81165,0.43035,0.84601,0.97156,0.96923,0.98118,0.68979,1.02008,0.43589,0.86493,7.94e-05,7.94e-05,7.94e-05
196,147.368,0.94039,0.46355,0.85101,0.97148,0.97363,0.98141,0.68868,1.0216,0.43757,0.86702,6.95e-05,6.95e-05,6.95e-05
197,148.046,0.86539,0.42843,0.84241,0.97095,0.97363,0.98131,0.68878,1.02225,0.43602,0.86763,5.96e-05,5.96e-05,5.96e-05
198,148.732,0.91748,0.44642,0.83963,0.97352,0.96944,0.98108,0.68626,1.02049,0.43734,0.86692,4.97e-05,4.97e-05,4.97e-05
199,149.396,0.89758,0.45219,0.8662,0.97352,0.96956,0.98114,0.68691,1.01883,0.4361,0.86639,3.98e-05,3.98e-05,3.98e-05
200,150.099,0.91827,0.44609,0.86512,0.9712,0.96703,0.9807,0.68992,1.01989,0.43618,0.8657,2.99e-05,2.99e-05,2.99e-05
